Station_Raw,Year,Jan,Feb,Mar,Apr,May,Jun,Jul,Aug,Sep,Oct,Nov,Dec,Annual
Dhaka,1985,2,1,3,4,5,6,6,6,6,3,2,1,4
Dhaka,1986,1,2,1,5,4,6,7,6,6,3,2,2,4
Dhaka,1987,1,1,3,4,3,5,7,6,6,3,3,1,4
Dhaka,1988,1,2,3,4,6,6,6,7,6,4,2,1,4
Dhaka,1989,0,1,2,3,5,6,6,6,6,4,1,1,3
Dhaka,1990,0,3,4,4,5,6,7,6,6,4,3,2,4
Dhaka,1991,2,1,2,4,6,6,6,6,6,4,2,2,4
Dhaka,1992,1,2,1,3,4,5,7,6,5,3,3,1,3
Dhaka,1993,1,2,2,4,5,6,6,7,6,4,1,1,4
Dhaka,1994,1,1,3,3,4,6,6,6,5,3,3,1,4
Dhaka,1995,2,2,2,3,5,6,6,6,6,4,3,1,4
Dhaka,1996,1,1,2,3,5,5,6,6,5,3,1,1,3
Dhaka,1997,2,2,2,4,4,6,6,6,6,2,2,3,4
Dhaka,1998,3,2,3,4,5,5,7,6,5,4,3,0,4
Dhaka,1999,1,1,1,3,5,6,7,7,6,5,2,1,4
Dhaka,2000,1,3,3,4,5,6,6,6,6,4,1,1,4
Dhaka,2001,1,1,2,3,5,6,6,6,6,5,3,1,4
Dhaka,2002,2,1,3,5,6,7,7,7,6,4,3,1,4
Dhaka,2003,1,2,3,4,5,7,6,6,6,5,1,2,4
Dhaka,2004,2,1,3,5,5,6,7,6,6,3,1,1,4
Dhaka,2005,2,2,3,4,5,5,6,7,6,5,1,1,4
Dhaka,2006,1,1,2,4,5,7,7,6,6,4,3,0,4
Dhaka,2007,1,2,1,4,4,6,7,6,6,4,2,1,4
Dhaka,2008,2,2,4,3,5,6,7,6,6,4,1,2,4
Dhaka,2009,0,1,2,3,5,6,7,7,6,3,2,1,4
Dhaka,2010,1,1,3,5,5,6,6,6,6,4,1,2,4
Dhaka,2011,1,1,3,3,5,6,6,7,6,3,1,1,4
Dhaka,2012,2,1,2,4,4,6,7,6,6,4,2,1,4
Dhaka,2013,0,1,2,3,6,6,6,6,6,5,1,1,4
Dhaka,2014,1,1,2,2,5,6,6,6,5,3,1,2,3
Tangail,1987,1,1,3,3,3,6,7,6,6,3,3,1,4
Tangail,1988,1,2,2,4,5,6,6,6,5,3,2,1,4
Tangail,1989,0,1,1,2,3,4,6,5,5,3,1,1,3
Tangail,1990,0,2,3,4,4,5,6,5,5,3,2,1,3
Tangail,1991,1,1,2,2,6,6,6,6,6,4,1,2,4
Tangail,1992,1,1,1,2,4,5,6,5,4,3,2,0,3
Tangail,1993,1,1,2,3,5,6,6,6,6,3,1,1,3
Tangail,1994,1,1,2,3,4,6,6,6,4,3,3,1,3
Tangail,1995,1,2,2,2,5,6,6,6,6,3,3,1,4
Tangail,1996,1,1,2,3,4,3,4,4,4,3,1,1,3
Tangail,1997,1,2,2,4,4,6,6,6,6,3,2,3,4
Tangail,1998,3,2,3,4,5,6,7,7,5,4,3,0,4
Tangail,1999,1,1,1,3,5,6,7,7,6,5,2,1,4
Tangail,2000,1,3,2,4,5,6,6,6,6,4,1,1,4
Tangail,2001,1,1,2,4,5,6,6,6,5,4,2,1,4
Tangail,2002,2,1,2,4,5,6,7,6,5,3,2,1,4
Tangail,2003,2,2,2,3,4,6,6,5,5,5,0,2,4
Tangail,2004,2,1,2,4,4,6,6,6,6,3,0,1,3
Tangail,2005,2,2,3,3,4,5,6,6,5,5,1,1,4
Tangail,2006,1,1,2,3,5,6,6,6,5,3,2,0,3
Tangail,2007,0,2,1,4,3,6,6,5,5,3,1,0,3
Tangail,2008,2,1,3,2,4,6,7,6,5,3,1,2,4
Tangail,2009,1,0,2,2,4,5,6,6,5,3,2,1,3
Tangail,2010,2,1,2,4,5,6,5,6,5,3,1,1,3
Tangail,2011,1,1,2,3,4,5,5,6,5,2,1,2,3
Tangail,2012,2,1,1,3,3,6,6,6,5,3,2,2,3
Tangail,2013,1,1,1,3,6,5,6,6,5,4,1,1,3
Tangail,2014,1,2,1,1,4,5,6,6,4,2,0,2,3
Mymensingh,1985,2,2,3,4,5,6,7,6,6,3,1,1,4
Mymensingh,1986,2,2,1,5,4,6,7,6,7,4,3,2,4
Mymensingh,1987,1,1,3,4,4,6,7,6,6,3,3,1,4
Mymensingh,1988,1,2,2,4,6,6,7,7,5,3,2,1,4
Mymensingh,1989,0,1,2,3,5,6,6,6,6,4,1,1,3
Mymensingh,1990,0,3,3,5,5,6,6,5,6,4,2,1,4
Mymensingh,1991,1,1,2,3,7,6,6,6,6,4,1,2,4
Mymensingh,1992,1,2,1,3,4,5,6,6,5,3,2,1,3
Mymensingh,1993,2,2,2,4,5,6,6,6,5,3,1,1,4
Mymensingh,1994,1,1,3,4,5,6,6,6,5,3,3,1,4
Mymensingh,1995,2,2,2,3,5,6,6,6,6,3,3,1,4
Mymensingh,1996,1,1,2,3,5,6,6,6,4,3,1,1,3
Mymensingh,1997,1,2,2,4,5,6,6,6,6,2,2,3,4
Mymensingh,1998,2,2,2,4,5,6,7,7,4,4,2,0,4
Mymensingh,1999,0,1,1,3,5,6,6,6,5,4,1,0,3
Mymensingh,2000,1,2,2,4,5,6,6,6,6,3,1,1,4
Mymensingh,2001,1,1,2,3,5,6,6,6,5,4,2,1,4
Mymensingh,2002,1,1,2,4,5,6,7,6,5,3,3,1,4
Mymensingh,2003,1,2,3,4,5,6,6,5,5,5,1,2,4
Mymensingh,2004,2,1,3,5,4,6,6,6,6,3,1,1,4
Mymensingh,2005,2,1,3,3,5,5,6,7,6,5,1,1,4
Mymensingh,2006,1,1,1,4,5,6,6,6,5,3,2,0,3
Mymensingh,2007,1,3,2,4,4,6,7,6,6,3,1,1,4
Mymensingh,2008,2,2,3,3,4,6,7,7,6,3,1,2,4
Mymensingh,2009,1,0,2,3,5,6,6,7,6,3,2,1,4
Mymensingh,2010,0,1,2,5,6,7,6,6,6,4,1,1,4
Mymensingh,2011,1,1,3,3,5,6,6,7,6,2,1,2,4
Mymensingh,2012,2,1,1,4,5,7,7,7,6,3,2,1,4
Mymensingh,2013,1,1,1,3,7,6,7,7,6,4,1,1,4
Mymensingh,2014,1,1,2,3,5,7,7,7,6,2,1,2,4
Faridpur,1985,1,1,2,3,4,5,5,5,5,2,1,1,3
Faridpur,1986,1,1,1,3,3,5,5,5,6,3,2,1,3
Faridpur,1987,1,1,2,3,3,6,7,6,6,2,3,1,3
Faridpur,1988,1,2,2,3,5,5,6,7,5,3,2,1,4
Faridpur,1989,0,1,1,2,4,5,6,5,6,4,1,1,3
Faridpur,1990,0,2,4,3,5,6,6,5,5,4,2,1,4
Faridpur,1991,1,1,2,3,5,6,6,6,6,4,1,2,4
Faridpur,1992,0,1,1,2,3,5,6,6,4,3,2,0,3
Faridpur,1993,1,1,2,3,5,6,6,6,5,3,1,1,3
Faridpur,1994,1,1,2,3,4,6,6,6,4,2,3,1,3
Faridpur,1995,2,2,2,3,4,6,6,6,6,3,3,0,4
Faridpur,1996,1,1,2,2,3,3,3,3,5,2,1,1,2
Faridpur,1997,1,1,2,4,4,5,6,6,5,2,2,2,3
Faridpur,1998,3,2,2,3,5,5,6,6,5,3,2,0,4
Faridpur,1999,0,1,1,2,4,5,6,6,6,4,1,0,3
Faridpur,2000,1,3,2,3,5,5,5,6,5,3,1,0,3
Faridpur,2001,0,1,2,3,4,6,6,5,4,4,2,1,3
Faridpur,2002,1,1,2,4,5,6,7,6,5,3,3,1,4
Faridpur,2003,1,1,2,3,3,6,6,5,5,5,0,2,3
Faridpur,2004,2,1,2,4,4,6,6,6,6,3,1,1,4
Faridpur,2005,2,2,3,3,4,5,6,6,6,5,1,1,4
Faridpur,2006,1,1,2,3,4,6,6,6,5,3,3,0,3
Faridpur,2007,1,2,1,3,3,6,6,5,6,3,2,1,3
Faridpur,2008,2,1,3,2,3,6,6,6,5,3,1,2,3
Faridpur,2009,0,0,2,2,4,4,6,6,5,3,2,1,3
Faridpur,2010,1,1,1,3,4,5,5,5,5,3,1,1,3
Faridpur,2011,1,1,2,3,4,5,5,6,5,2,0,1,3
Faridpur,2012,2,1,1,3,3,5,6,5,5,3,2,1,3
Faridpur,2013,1,1,1,2,6,5,5,6,5,4,1,1,3
Faridpur,2014,1,1,1,1,3,5,6,6,5,2,1,2,3
Madaripur,1985,1,1,2,3,4,5,6,5,5,2,1,1,3
Madaripur,1986,1,1,1,3,3,5,7,6,6,3,2,1,3
Madaripur,1987,0,1,3,4,3,5,7,7,6,2,2,1,3
Madaripur,1988,1,2,3,3,5,5,6,6,5,3,3,1,4
Madaripur,1989,0,1,2,3,4,6,6,6,6,4,1,1,3
Madaripur,1990,1,2,4,4,5,7,7,6,6,4,3,2,4
Madaripur,1991,2,1,2,4,6,7,7,7,6,4,2,2,4
Madaripur,1992,1,2,2,3,4,5,7,6,6,4,3,0,4
Madaripur,1993,1,2,2,4,5,6,7,7,6,4,2,2,4
Madaripur,1994,1,2,3,4,5,7,7,6,5,3,3,1,4
Madaripur,1995,2,2,2,3,5,6,7,6,6,4,3,1,4
Madaripur,1996,1,1,2,3,5,5,6,6,5,3,1,1,3
Madaripur,1997,1,2,2,3,4,6,6,6,5,2,2,3,4
Madaripur,1998,3,2,2,3,5,5,7,6,5,4,3,0,4
Madaripur,1999,1,1,1,3,5,6,6,6,6,5,1,0,3
Madaripur,2000,1,3,2,3,5,6,6,6,5,4,1,0,4
Madaripur,2001,1,1,2,3,4,6,6,5,4,4,3,1,3
Madaripur,2002,2,1,2,4,4,5,6,6,5,3,3,1,4
Madaripur,2003,2,1,2,3,4,6,5,5,5,4,0,2,3
Madaripur,2004,2,1,2,4,4,5,6,6,6,3,1,1,3
Madaripur,2005,2,2,3,3,4,5,6,6,5,4,1,1,4
Madaripur,2006,1,1,2,3,4,6,6,6,5,4,2,0,3
Madaripur,2007,1,2,1,3,4,6,6,6,6,4,2,1,4
Madaripur,2008,2,1,3,2,4,6,7,6,5,3,1,2,4
Madaripur,2009,1,1,3,2,4,5,6,6,5,3,2,0,3
Madaripur,2010,1,1,3,5,5,6,6,6,6,4,1,2,4
Madaripur,2011,0,1,2,3,4,5,5,6,5,2,0,1,3
Madaripur,2012,2,0,1,3,3,5,6,6,5,2,2,1,3
Madaripur,2013,0,1,1,3,6,5,5,6,5,5,0,0,3
Madaripur,2014,1,1,2,2,4,5,6,6,4,2,1,1,3
Srimangal,1986,0,0,0,***,***,***,6,6,6,2,1,1,2
Srimangal,1987,2,1,2,5,3,5,7,6,7,4,3,2,4
Srimangal,1988,1,1,3,5,4,6,7,6,6,3,3,2,4
Srimangal,1989,2,2,3,5,6,6,7,7,6,3,3,1,4
Srimangal,1990,1,2,2,4,5,6,6,6,6,5,1,1,4
Srimangal,1991,1,3,4,5,5,6,6,6,6,3,2,1,4
Srimangal,1992,1,1,2,4,7,6,6,6,5,4,1,2,4
Srimangal,1993,1,2,2,3,4,5,6,4,5,3,2,1,3
Srimangal,1994,1,2,1,3,5,6,5,6,5,3,1,1,3
Srimangal,1995,1,1,3,3,4,5,5,6,3,3,3,1,3
Srimangal,1996,2,2,1,3,4,5,6,6,5,3,3,1,3
Srimangal,1997,1,1,3,3,5,5,6,6,5,3,1,2,3
Srimangal,1998,2,2,3,4,5,6,7,6,6,2,2,3,4
Srimangal,1999,3,2,3,4,5,6,7,6,5,3,2,0,4
Srimangal,2000,1,1,2,3,6,6,7,7,6,5,2,1,4
Srimangal,2001,1,3,3,4,6,6,6,7,6,3,1,1,4
Srimangal,2002,1,2,2,3,5,7,7,6,5,5,3,1,4
Srimangal,2003,2,1,2,4,6,7,7,7,6,4,3,2,4
Srimangal,2004,1,2,3,4,5,6,6,6,6,5,1,2,4
Srimangal,2005,3,1,2,5,5,6,7,6,6,3,1,1,4
Srimangal,2006,2,2,4,3,5,5,6,6,5,4,1,1,4
Srimangal,2007,1,2,2,3,4,6,6,6,5,3,3,0,3
Srimangal,2008,1,2,1,4,5,7,7,6,6,4,2,1,4
Srimangal,2009,2,2,3,2,5,6,7,7,6,3,1,1,4
Srimangal,2010,0,1,2,3,5,5,6,6,5,3,3,1,3
Srimangal,2011,1,2,3,5,6,7,6,6,6,4,2,2,4
Srimangal,2012,1,1,3,3,5,6,6,7,6,2,1,1,4
Srimangal,2013,2,1,2,4,4,6,6,6,6,4,3,1,4
Srimangal,2014,0,2,2,3,6,6,6,6,5,4,1,1,4
Sylhet,1985,1,2,2,2,5,6,6,6,5,2,1,1,3
Sylhet,1986,2,2,5,5,5,7,7,6,6,2,1,1,4
Sylhet,1987,2,2,2,6,4,6,7,6,7,4,2,2,4
Sylhet,1988,1,1,4,5,5,7,7,7,7,3,2,1,4
Sylhet,1989,1,2,3,4,7,6,7,8,6,3,2,1,4
Sylhet,1990,1,2,2,5,5,6,7,6,6,5,2,1,4
Sylhet,1991,1,3,4,6,5,7,7,6,7,4,3,2,5
Sylhet,1992,2,2,3,5,7,7,7,7,7,5,2,2,5
Sylhet,1993,2,3,4,4,6,6,7,6,6,4,3,1,4
Sylhet,1994,2,3,3,5,6,7,7,7,7,4,2,2,5
Sylhet,1995,1,2,4,4,6,7,7,7,5,4,4,1,4
Sylhet,1996,2,3,2,5,6,7,7,7,7,4,4,1,5
Sylhet,1997,2,2,4,5,6,6,7,7,6,4,2,1,4
Sylhet,1998,6,3,3,5,6,7,7,7,7,3,2,4,5
Sylhet,1999,3,3,4,5,6,7,8,7,6,4,3,1,5
Sylhet,2000,1,1,2,4,6,7,7,7,6,5,2,1,4
Sylhet,2001,2,3,3,5,6,7,7,7,7,4,1,1,4
Sylhet,2002,1,2,2,4,5,7,7,7,6,5,2,1,4
Sylhet,2003,2,1,3,5,6,7,8,7,6,4,3,2,5
Sylhet,2004,2,2,3,4,5,7,7,7,6,5,1,2,4
Sylhet,2005,2,1,4,5,5,7,7,7,7,3,1,1,4
Sylhet,2006,2,3,5,4,6,6,7,7,6,5,1,1,4
Sylhet,2007,1,3,2,5,5,7,7,6,6,4,3,1,4
Sylhet,2008,1,3,2,5,5,7,7,6,6,4,2,1,4
Sylhet,2009,3,2,4,4,5,7,7,7,6,4,1,1,4
Sylhet,2010,1,1,3,5,6,7,7,7,6,4,2,1,4
Sylhet,2011,1,2,4,6,6,7,7,7,7,4,2,1,5
Sylhet,2012,1,1,3,4,6,7,7,7,6,3,1,2,4
Sylhet,2013,3,1,3,6,6,7,7,7,7,4,3,2,5
Sylhet,2014,1,2,2,5,7,6,7,7,6,5,1,2,4
Bogra,1985,1,3,2,3,6,7,7,7,6,3,1,2,4
Bogra,1986,2,1,2,2,4,5,6,5,5,2,1,1,3
Bogra,1988,1,1,1,4,3,5,6,5,5,3,2,2,3
Bogra,1988,1,1,2,3,5,6,6,6,5,3,2,1,3
Bogra,1989,1,1,2,3,5,6,6,6,5,3,2,1,3
Bogra,1990,1,1,1,1,4,5,6,5,6,3,1,1,3
Bogra,1991,0,2,3,4,4,6,6,5,6,4,2,1,4
Bogra,1992,1,1,2,3,6,6,6,6,6,3,1,2,4
Bogra,1993,1,1,1,2,3,5,6,5,4,3,2,0,3
Bogra,1994,1,2,1,3,5,6,6,6,6,3,1,1,3
Bogra,1995,1,1,1,3,4,6,6,6,5,2,3,1,3
Bogra,1996,1,2,2,2,4,6,7,6,6,3,2,1,4
Bogra,1997,1,1,2,3,5,6,6,6,5,3,1,1,3
Bogra,1998,1,1,1,4,4,6,6,6,6,2,2,3,4
Bogra,1999,3,2,2,3,4,6,7,7,5,4,2,0,4
Bogra,2000,1,1,1,3,5,6,7,7,6,4,1,0,4
Bogra,2001,1,2,2,4,5,6,6,6,6,3,1,1,4
Bogra,2002,1,1,1,3,4,6,6,5,5,4,2,1,3
Bogra,2003,1,1,2,4,4,6,7,6,5,3,2,1,4
Bogra,2004,1,2,2,4,5,6,6,5,5,5,1,2,4
Bogra,2005,3,1,2,5,4,6,6,6,6,3,1,1,4
Bogra,2006,2,1,3,3,4,5,6,6,5,5,1,1,4
Bogra,2007,1,1,1,4,4,6,6,5,5,2,2,0,3
Bogra,2008,1,2,1,3,3,6,6,5,5,3,1,0,3
Bogra,2009,2,1,2,2,4,6,6,6,5,3,1,2,3
Bogra,2010,1,0,2,2,4,5,6,6,5,3,2,1,3
Bogra,2011,1,1,1,3,4,6,6,6,5,4,2,2,3
Bogra,2012,1,1,2,3,4,6,6,6,5,2,1,1,3
Bogra,2013,2,1,0,3,4,6,7,6,6,3,2,2,4
Bogra,2014,1,1,1,***,6,5,6,6,5,4,1,1,3
Dinajpur,1985,2,2,2,2,4,6,6,7,6,3,1,2,4
Dinajpur,1986,2,1,2,3,4,5,7,5,6,3,1,1,3
Dinajpur,1987,1,1,1,3,3,5,6,5,6,4,2,2,3
Dinajpur,1988,1,1,2,3,3,5,7,6,6,3,2,1,3
Dinajpur,1989,1,1,1,3,4,5,6,6,5,2,1,1,3
Dinajpur,1990,1,1,1,1,4,5,6,5,6,3,1,1,3
Dinajpur,1991,0,2,2,4,4,6,6,5,5,4,1,1,3
Dinajpur,1992,1,1,1,3,6,6,6,6,6,2,1,2,3
Dinajpur,1993,1,1,1,2,4,5,7,5,4,2,1,1,3
Dinajpur,1994,2,2,2,3,5,6,6,6,6,3,1,1,4
Dinajpur,1995,1,1,1,2,4,6,5,5,4,2,1,1,3
Dinajpur,1996,1,1,2,1,4,6,6,5,6,3,2,1,3
Dinajpur,1997,1,1,1,2,4,5,6,6,4,2,0,0,3
Dinajpur,1998,1,1,1,3,3,5,6,5,5,2,2,3,3
Dinajpur,1999,3,1,2,3,4,5,7,6,4,4,2,0,3
Dinajpur,2000,1,1,0,3,5,6,7,6,5,4,1,0,3
Dinajpur,2001,1,1,1,3,5,6,6,6,5,2,1,0,3
Dinajpur,2002,1,1,1,3,4,6,6,5,6,4,2,0,3
Dinajpur,2003,2,1,2,5,5,6,7,6,5,2,1,1,4
Dinajpur,2004,1,2,2,4,4,6,6,5,5,4,1,1,3
Dinajpur,2005,2,1,2,5,4,6,7,5,6,3,0,1,4
Dinajpur,2006,2,2,3,3,5,5,6,7,5,4,1,1,4
Dinajpur,2007,2,1,1,4,5,6,6,5,6,2,3,0,3
Dinajpur,2008,0,3,1,3,3,6,7,6,6,3,1,0,3
Dinajpur,2009,2,1,2,3,4,6,6,6,5,4,1,3,4
Dinajpur,2010,1,0,2,3,4,5,6,7,5,3,2,1,3
Dinajpur,2011,2,1,1,4,5,6,6,6,5,4,1,1,4
Dinajpur,2012,1,1,2,3,5,6,6,6,5,1,1,1,3
Dinajpur,2013,2,1,1,3,4,6,7,6,6,3,1,1,3
Dinajpur,2014,1,2,1,3,6,6,6,6,5,5,1,1,4
Ishurdi,1985,1,2,1,1,3,6,6,6,6,2,0,1,3
Ishurdi,1986,2,1,2,3,4,5,6,5,5,3,1,1,3
Ishurdi,1987,1,2,1,4,3,5,6,5,6,3,2,2,3
Ishurdi,1988,1,1,2,2,2,5,6,5,5,2,2,1,3
Ishurdi,1989,1,2,2,3,5,5,6,6,5,2,2,1,3
Ishurdi,1990,0,1,2,1,4,5,6,5,5,3,1,1,3
Ishurdi,1991,0,3,3,4,4,6,7,5,6,4,2,1,4
Ishurdi,1992,1,1,2,3,5,6,6,6,7,4,2,2,4
Ishurdi,1993,1,1,1,2,3,5,6,6,4,3,2,0,3
Ishurdi,1994,1,1,2,3,5,6,6,7,6,3,1,1,4
Ishurdi,1995,1,1,1,3,4,6,6,6,5,2,3,1,3
Ishurdi,1996,1,2,2,3,4,6,7,6,6,3,3,1,4
Ishurdi,1997,1,1,2,3,4,6,7,6,5,3,1,1,3
Ishurdi,1998,1,1,2,4,4,6,6,6,6,2,2,3,4
Ishurdi,1999,3,2,3,3,5,5,7,7,5,4,2,0,4
Ishurdi,2000,1,1,0,2,5,6,7,7,6,4,1,0,3
Ishurdi,2001,1,3,1,3,5,6,6,6,5,3,1,1,3
Ishurdi,2002,1,1,2,3,4,6,6,6,5,4,2,1,3
Ishurdi,2003,1,1,2,4,5,6,7,6,5,3,2,1,4
Ishurdi,2004,1,2,2,3,4,6,6,5,6,5,0,1,3
Ishurdi,2005,2,0,2,4,3,6,7,5,6,3,1,1,3
Ishurdi,2006,2,1,3,3,4,5,6,7,5,5,1,1,4
Ishurdi,2007,1,0,2,3,4,6,6,6,5,2,3,0,3
Ishurdi,2008,0,2,1,3,3,6,7,6,6,3,2,1,3
Ishurdi,2009,2,1,3,2,4,6,6,6,5,3,1,2,3
Ishurdi,2010,1,0,2,2,4,4,6,6,5,3,2,1,3
Ishurdi,2011,1,2,1,3,5,6,5,5,5,3,1,1,3
Ishurdi,2012,1,1,2,3,5,6,6,6,6,2,1,1,3
Ishurdi,2013,2,1,1,3,3,6,6,6,6,3,2,1,3
Ishurdi,2014,1,1,1,3,6,6,5,6,5,5,1,1,3
Rajshahi,1985,1,2,1,1,4,6,6,6,4,3,1,2,3
Rajshahi,1986,2,1,1,2,4,5,6,5,6,2,1,1,3
Rajshahi,1987,1,1,1,3,3,5,6,6,6,3,2,2,3
Rajshahi,1988,1,1,2,2,2,5,7,6,6,2,2,1,3
Rajshahi,1989,1,2,2,3,5,6,6,6,5,3,2,1,4
Rajshahi,1990,0,1,2,1,4,5,6,5,6,4,1,1,3
Rajshahi,1991,0,2,3,3,4,6,7,5,6,4,2,1,4
Rajshahi,1992,1,1,2,2,5,6,6,6,7,3,1,2,4
Rajshahi,1993,1,1,1,2,3,4,6,6,4,3,2,1,3
Rajshahi,1994,1,1,2,3,5,6,6,6,6,3,1,1,3
Rajshahi,1995,1,1,1,3,4,6,5,6,4,2,2,0,3
Rajshahi,1996,1,1,2,2,4,6,6,6,6,3,2,1,3
Rajshahi,1997,1,1,2,2,4,5,6,6,5,3,1,1,3
Rajshahi,1998,1,1,2,4,4,5,6,6,6,2,2,3,4
Rajshahi,1999,3,2,3,3,5,5,7,7,5,4,2,0,4
Rajshahi,2000,1,1,0,2,4,6,7,7,6,4,1,0,3
Rajshahi,2001,1,2,2,3,5,6,6,6,5,3,1,1,3
Rajshahi,2002,1,1,2,3,4,6,6,6,5,4,2,1,3
Rajshahi,2003,2,1,2,4,5,6,6,6,5,2,2,1,4
Rajshahi,2004,1,2,2,3,3,5,6,5,5,5,1,1,3
Rajshahi,2005,2,0,1,4,3,6,6,6,6,3,1,0,3
Rajshahi,2006,2,1,3,3,4,5,6,6,5,5,1,1,4
Rajshahi,2007,1,1,2,4,4,6,6,6,6,2,2,0,3
Rajshahi,2008,1,2,1,3,3,6,7,5,6,3,1,0,3
Rajshahi,2009,2,1,2,2,3,6,6,6,5,3,1,2,3
Rajshahi,2010,1,0,2,2,4,4,6,6,5,3,2,0,3
Rajshahi,2011,1,1,1,2,4,6,6,5,5,3,1,1,3
Rajshahi,2012,1,1,2,3,3,5,6,6,5,2,1,1,3
Rajshahi,2013,2,1,0,3,2,5,6,6,6,2,2,2,3
Rajshahi,2014,1,1,1,2,5,5,5,6,5,4,1,1,3
Rangpur,1985,2,2,1,1,3,6,6,6,5,2,0,2,3
Rangpur,1986,2,1,2,3,5,6,7,6,5,2,1,1,3
Rangpur,1987,1,1,1,4,3,5,7,5,6,3,1,2,3
Rangpur,1988,1,1,3,3,3,6,7,6,6,3,2,1,4
Rangpur,1989,1,1,2,3,5,5,6,7,5,3,2,1,3
Rangpur,1990,1,1,2,2,4,5,7,5,6,3,1,1,3
Rangpur,1991,1,2,3,4,5,6,6,5,6,4,1,1,4
Rangpur,1992,1,1,1,3,7,7,6,6,6,3,1,2,4
Rangpur,1993,1,1,2,3,5,6,7,6,5,3,1,1,3
Rangpur,1994,2,2,2,3,5,6,6,7,6,3,1,1,4
Rangpur,1995,1,1,2,3,4,6,5,6,4,3,2,1,3
Rangpur,1996,2,1,2,3,5,6,7,6,6,3,2,1,4
Rangpur,1997,1,1,1,2,5,5,7,6,5,2,1,1,3
Rangpur,1998,1,2,1,4,4,6,6,6,6,2,2,3,4
Rangpur,1999,3,1,2,4,4,6,7,7,5,4,2,0,4
Rangpur,2000,1,1,1,4,5,6,7,7,5,4,1,0,4
Rangpur,2001,1,2,2,4,5,6,6,6,6,3,1,1,4
Rangpur,2002,1,1,1,3,5,6,6,6,6,4,2,0,3
Rangpur,2003,2,1,2,5,5,6,7,6,5,3,2,2,4
Rangpur,2004,2,2,3,5,5,7,6,6,6,5,1,2,4
Rangpur,2005,3,1,2,5,4,6,7,6,6,4,1,1,4
Rangpur,2006,2,2,3,4,5,6,6,7,5,5,1,1,4
Rangpur,2007,2,2,1,4,5,6,6,5,6,3,3,0,4
Rangpur,2008,0,3,1,4,4,6,7,6,6,3,1,0,3
Rangpur,2009,2,1,2,3,5,7,7,7,5,3,1,2,4
Rangpur,2010,2,0,2,3,5,5,6,7,5,3,2,1,3
Rangpur,2011,2,1,2,5,6,7,7,6,6,4,1,1,4
Rangpur,2012,1,1,3,4,6,7,7,6,5,2,1,2,4
Rangpur,2013,3,1,1,4,5,7,7,6,6,3,1,3,4
Rangpur,2014,1,2,1,4,6,6,7,7,5,4,1,1,4
Sayedpur,1991,2,2,1,2,5,7,7,7,6,3,1,2,4
Sayedpur,1992,1,1,1,3,7,6,6,6,6,3,1,2,4
Sayedpur,1993,1,1,1,2,4,6,6,5,5,3,1,1,3
Sayedpur,1994,2,2,2,3,5,7,6,7,6,3,1,1,4
Sayedpur,1995,1,2,2,3,4,6,5,5,4,2,2,1,3
Sayedpur,1996,2,2,2,2,5,6,6,6,6,3,2,1,4
Sayedpur,1997,2,1,1,2,5,5,7,6,5,3,0,1,3
Sayedpur,1998,2,1,2,3,3,5,6,6,6,2,2,3,3
Sayedpur,1999,4,1,3,4,4,6,7,7,5,4,2,1,4
Sayedpur,2000,1,1,1,4,5,6,6,6,6,4,2,0,4
Sayedpur,2001,1,1,2,3,5,6,6,6,5,2,1,0,3
Sayedpur,2002,1,1,1,3,4,5,5,5,5,4,2,1,3
Sayedpur,2003,2,1,2,4,4,6,7,5,5,2,2,2,4
Sayedpur,2004,2,2,2,4,4,6,6,5,5,4,1,1,4
Sayedpur,2005,3,1,2,5,4,6,6,5,6,3,1,1,4
Sayedpur,2007,2,2,3,3,5,5,6,6,4,4,1,1,4
Sayedpur,2008,0,3,1,3,3,6,7,5,5,2,1,1,3
Sayedpur,2009,2,1,2,2,4,6,6,6,4,3,1,2,3
Sayedpur,2010,2,0,2,2,4,5,5,6,4,3,2,1,3
Sayedpur,2011,2,1,1,4,5,6,6,5,5,3,1,1,3
Sayedpur,2012,1,1,2,3,4,5,6,5,5,1,1,2,3
Sayedpur,2013,2,0,1,3,3,6,6,5,5,2,1,2,3
Sayedpur,2014,1,2,1,3,6,5,5,6,4,4,1,1,3
Chuadanga,2001,2,2,1,1,4,6,6,6,5,2,0,2,3
Chuadanga,2002,1,1,2,3,4,6,6,5,5,4,2,1,3
Chuadanga,2003,1,1,2,3,4,6,6,6,5,2,2,0,3
Chuadanga,2004,1,2,2,2,3,5,6,5,5,5,0,1,3
Chuadanga,2005,1,1,2,4,3,5,6,6,6,3,1,1,3
Chuadanga,2006,2,1,2,3,4,5,6,6,5,5,1,1,3
Chuadanga,2007,0,0,2,3,4,6,6,6,5,2,2,0,3
Chuadanga,2008,0,3,1,3,4,6,6,6,6,3,2,0,3
Chuadanga,2009,2,1,3,2,3,6,6,5,5,3,1,1,3
Chuadanga,2010,0,0,2,2,4,4,6,6,5,3,2,0,3
Chuadanga,2011,1,1,1,2,4,6,5,5,5,3,1,1,3
Chuadanga,2012,0,1,2,3,4,5,5,6,5,2,1,1,3
Chuadanga,2013,2,1,1,3,2,5,6,5,5,2,2,1,3
Chuadanga,2014,1,1,2,3,5,5,5,5,5,5,1,0,3
Jessore,1985,1,1,1,2,3,5,6,6,4,2,0,1,3
Jessore,1986,2,1,2,3,4,6,6,6,6,3,2,1,4
Jessore,1987,2,2,1,3,4,5,6,6,6,3,3,2,4
Jessore,1988,1,1,3,3,3,6,7,6,6,3,3,1,4
Jessore,1990,1,2,3,4,6,6,7,7,6,3,2,1,4
Jessore,1991,0,3,4,4,5,6,7,6,6,4,3,1,4
Jessore,1992,2,1,2,3,6,6,6,6,6,4,2,2,4
Jessore,1993,1,2,2,3,4,5,6,6,5,3,2,0,3
Jessore,1994,1,1,2,4,4,6,6,6,6,4,1,1,4
Jessore,1995,1,1,2,4,4,6,7,7,5,3,3,1,4
Jessore,1996,1,2,2,3,5,6,7,6,6,4,3,0,4
Jessore,1997,1,1,2,3,5,6,6,6,5,3,1,1,3
Jessore,1998,1,1,2,4,4,6,6,6,6,2,2,2,4
Jessore,1999,3,2,3,4,5,5,6,6,5,4,2,0,4
Jessore,2000,1,1,1,3,5,6,6,7,6,5,1,0,4
Jessore,2001,1,3,2,4,5,6,6,6,6,4,1,0,4
Jessore,2002,0,1,2,3,5,7,7,6,6,4,2,1,4
Jessore,2003,1,1,2,4,5,6,6,6,6,3,2,1,4
Jessore,2004,1,2,2,4,4,6,6,6,6,5,0,1,4
Jessore,2005,2,1,2,4,4,6,6,6,6,3,0,1,3
Jessore,2006,2,1,3,3,4,5,6,6,5,5,1,1,4
Jessore,2007,1,0,1,3,4,5,6,6,5,3,2,0,3
Jessore,2008,0,2,1,3,3,5,6,5,6,3,1,0,3
Jessore,2009,1,1,3,2,4,6,6,5,5,2,1,1,3
Jessore,2010,0,0,2,1,4,4,5,5,4,2,1,0,2
Jessore,2011,1,1,1,2,4,5,5,5,5,3,1,1,3
Jessore,2012,0,1,2,3,4,5,5,6,5,2,0,1,3
Jessore,2013,2,1,1,3,3,5,5,5,5,2,2,1,3
Jessore,2014,0,1,1,2,5,4,5,5,5,4,0,1,3
Khulna,1985,1,1,2,1,4,5,6,5,4,2,0,1,3
Khulna,1986,2,1,3,4,5,6,7,7,6,3,2,1,4
Khulna,1987,2,2,1,4,4,6,6,6,6,3,2,2,4
Khulna,1988,1,1,2,4,3,6,7,6,6,2,3,2,4
Khulna,1989,1,2,3,4,5,6,6,7,6,3,2,1,4
Khulna,1990,0,1,2,3,4,6,6,6,6,4,1,1,3
Khulna,1991,0,3,4,4,5,6,7,6,6,4,3,1,4
Khulna,1992,2,1,2,3,5,6,6,6,6,4,2,2,4
Khulna,1993,0,2,1,2,4,4,6,5,4,3,2,0,3
Khulna,1994,1,1,2,3,5,6,6,6,6,4,1,1,4
Khulna,1995,1,1,1,3,4,6,6,5,4,2,2,0,3
Khulna,1996,2,2,1,2,4,5,6,5,5,3,3,0,3
Khulna,1997,1,1,2,3,4,5,6,6,5,3,1,2,3
Khulna,1998,1,2,3,3,4,5,6,6,5,2,2,2,3
Khulna,1999,2,2,2,3,4,5,6,6,5,4,2,0,3
Khulna,2000,0,1,1,3,5,5,6,6,6,5,1,1,3
Khulna,2001,1,3,2,4,5,6,6,5,5,4,1,0,4
Khulna,2002,0,1,2,3,4,6,6,5,5,4,3,1,3
Khulna,2003,2,1,2,4,4,6,7,6,5,3,3,1,4
Khulna,2004,1,2,2,3,4,6,6,5,5,5,0,2,3
Khulna,2005,2,1,2,4,4,6,6,6,6,3,1,0,3
Khulna,2006,2,1,3,3,4,6,7,6,6,5,1,1,4
Khulna,2007,1,0,1,3,4,6,6,6,5,4,3,0,3
Khulna,2008,1,2,1,4,4,6,7,6,6,4,2,1,4
Khulna,2009,1,1,3,3,4,6,7,6,6,3,1,1,4
Khulna,2010,1,1,2,2,4,5,7,6,5,3,2,0,3
Khulna,2011,1,1,2,4,4,6,6,6,5,4,2,2,4
Khulna,2012,0,1,2,3,4,6,6,6,5,2,1,1,3
Khulna,2013,2,1,1,3,3,5,7,6,5,3,2,1,3
Khulna,2014,0,2,1,3,6,5,6,6,6,5,1,1,4
Mongla,1991,1,1,2,1,4,6,6,6,5,3,1,1,3
Mongla,1992,2,1,2,4,6,6,6,6,6,4,3,2,4
Mongla,1993,1,2,2,3,4,5,6,6,5,4,3,0,3
Mongla,1994,1,1,2,3,5,6,6,6,6,4,1,2,4
Mongla,1995,1,2,2,3,4,6,6,6,4,3,3,1,3
Mongla,1996,2,2,2,3,4,6,6,6,6,3,3,0,4
Mongla,1997,1,1,2,3,4,5,6,6,4,3,1,2,3
Mongla,1998,1,2,3,4,4,5,6,5,5,2,2,2,3
Mongla,1999,2,2,3,3,4,5,6,6,5,3,3,0,4
Mongla,2000,1,1,1,2,4,5,6,6,6,5,1,1,3
Mongla,2001,1,3,2,4,5,6,6,5,5,4,1,0,4
Mongla,2002,0,1,2,3,5,6,6,5,5,4,3,1,3
Mongla,2003,1,1,2,4,4,6,6,5,5,3,3,0,3
Mongla,2004,1,1,2,3,4,6,5,5,5,4,0,2,3
Mongla,2005,1,1,2,4,3,5,6,6,6,3,1,1,3
Mongla,2006,1,1,3,3,4,5,6,5,5,4,1,1,3
Mongla,2007,0,0,2,3,4,5,6,6,5,3,2,0,3
Mongla,2008,0,1,1,3,4,6,6,6,6,3,2,1,3
Mongla,2009,1,1,3,3,4,6,7,6,6,3,1,1,4
Mongla,2010,0,1,2,3,4,6,6,6,6,3,2,1,3
Mongla,2011,0,2,2,4,5,6,6,6,5,4,2,2,4
Mongla,2012,0,1,2,4,4,6,5,6,6,2,1,1,3
Mongla,2013,2,0,1,3,3,6,6,6,5,3,3,1,3
Mongla,2014,0,2,2,3,6,5,6,6,5,5,1,1,4
Satkhira,1985,1,1,2,2,4,6,6,6,5,3,1,1,3
Satkhira,1986,3,1,3,3,4,6,7,6,6,4,2,2,4
Satkhira,1987,2,2,2,4,4,6,6,6,6,4,3,2,4
Satkhira,1988,1,1,3,4,3,6,7,6,6,3,3,2,4
Satkhira,1989,1,2,3,3,5,6,7,7,6,4,3,2,4
Satkhira,1990,0,1,2,3,4,6,6,6,6,4,1,1,3
Satkhira,1991,0,3,3,4,4,6,6,5,5,4,3,2,4
Satkhira,1992,2,1,2,3,5,6,6,6,6,4,2,2,4
Satkhira,1993,1,2,1,2,4,5,6,6,5,3,3,0,3
Satkhira,1994,1,1,2,3,5,6,6,6,6,3,1,1,3
Satkhira,1995,1,1,1,3,4,6,6,6,4,2,3,0,3
Satkhira,1996,1,2,2,2,4,6,6,6,5,3,2,0,3
Satkhira,1997,1,1,2,2,3,5,6,6,5,3,1,2,3
Satkhira,1998,1,1,3,4,4,6,7,6,6,2,2,3,4
Satkhira,1999,3,2,3,3,4,5,6,6,5,4,3,0,4
Satkhira,2000,1,1,1,2,5,5,6,6,6,5,1,0,3
Satkhira,2001,1,3,2,3,5,6,6,6,5,4,1,0,4
Satkhira,2002,0,1,2,3,4,6,6,5,5,4,3,1,3
Satkhira,2003,2,1,2,4,4,5,6,6,5,2,2,0,3
Satkhira,2004,1,1,2,3,3,6,5,5,5,4,0,1,3
Satkhira,2005,1,1,2,3,3,5,6,5,5,3,0,0,3
Satkhira,2006,2,1,2,3,4,5,6,6,5,5,1,1,3
Satkhira,2007,1,0,2,3,4,5,6,6,6,3,2,0,3
Satkhira,2008,1,2,2,3,4,6,6,6,6,3,2,1,4
Satkhira,2009,1,1,3,2,4,5,6,5,5,2,1,1,3
Satkhira,2010,1,0,2,2,4,4,6,6,5,2,2,0,3
Satkhira,2011,1,1,1,3,4,5,5,5,5,3,1,1,3
Satkhira,2012,0,1,2,3,4,6,5,6,5,2,0,1,3
Satkhira,2013,2,0,1,3,3,5,6,5,5,3,2,1,3
Satkhira,2014,1,1,1,2,5,5,5,5,5,5,1,1,3
Barisal,1985,1,1,2,2,3,5,6,5,4,3,1,1,3
Barisal,1986,1,1,4,5,5,6,7,7,6,2,2,1,4
Barisal,1987,1,2,1,4,4,6,6,6,6,3,3,1,4
Barisal,1988,1,1,3,4,4,5,7,6,6,2,3,1,4
Barisal,1989,1,2,3,4,6,6,7,7,6,3,2,1,4
Barisal,1990,0,1,2,4,5,6,6,6,6,4,1,1,4
Barisal,1991,0,3,4,5,5,6,7,6,6,4,3,1,4
Barisal,1992,2,1,2,4,6,7,6,7,6,4,2,2,4
Barisal,1993,1,2,2,3,4,5,7,6,5,3,3,0,3
Barisal,1994,1,1,2,4,5,6,6,7,6,3,1,1,4
Barisal,1995,0,1,3,3,4,6,6,6,5,3,3,1,3
Barisal,1996,2,2,1,3,5,6,7,6,6,3,3,0,4
Barisal,1997,0,2,3,3,5,5,6,6,5,3,1,2,3
Barisal,1998,1,2,3,5,5,6,7,6,6,2,2,2,4
Barisal,1999,2,2,3,4,5,6,7,6,6,4,2,0,4
Barisal,2000,0,1,2,3,6,7,7,7,7,5,1,1,4
Barisal,2001,1,4,3,4,6,7,6,7,6,4,1,0,4
Barisal,2002,0,1,2,4,5,7,7,6,6,5,3,1,4
Barisal,2003,2,1,2,5,6,7,7,6,6,3,3,0,4
Barisal,2004,1,1,3,4,5,7,6,6,6,5,0,2,4
Barisal,2005,2,1,3,5,4,6,7,7,6,3,1,0,4
Barisal,2006,2,1,3,4,5,6,7,7,6,5,2,2,4
Barisal,2007,1,1,2,4,5,6,7,7,6,4,3,0,4
Barisal,2008,1,2,1,4,4,6,7,6,6,4,2,1,4
Barisal,2009,2,1,4,3,4,7,7,6,5,3,1,1,4
Barisal,2010,0,1,3,3,5,5,7,7,5,3,2,1,4
Barisal,2011,1,2,2,5,6,7,6,6,5,4,1,1,4
Barisal,2012,0,1,2,3,5,6,6,6,6,3,1,2,3
Barisal,2013,2,0,2,4,4,6,7,6,6,3,2,1,4
Barisal,2014,0,2,2,3,7,6,6,6,6,5,1,1,4
Bhola,1985,0,1,2,1,4,5,7,7,5,3,1,1,3
Bhola,1986,2,1,3,3,4,6,6,6,5,2,1,1,3
Bhola,1987,2,2,1,4,3,5,5,6,6,3,2,1,3
Bhola,1988,1,1,2,4,2,5,7,6,5,2,2,1,3
Bhola,1989,1,2,3,3,5,6,7,7,5,3,2,1,4
Bhola,1990,0,1,2,4,4,5,6,6,6,5,1,0,3
Bhola,1991,1,3,4,3,4,6,7,5,6,4,3,1,4
Bhola,1992,1,1,2,3,5,6,6,6,5,4,2,2,4
Bhola,1993,1,2,1,2,4,5,7,6,5,3,3,1,3
Bhola,1994,1,1,2,4,5,6,6,6,6,3,1,2,4
Bhola,1995,1,1,2,3,4,6,6,6,4,3,3,1,3
Bhola,1996,2,2,1,3,4,6,6,5,5,3,3,0,3
Bhola,1997,1,1,2,3,4,5,5,6,4,2,1,2,3
Bhola,1998,1,2,2,4,4,5,6,5,5,2,2,2,3
Bhola,1999,2,2,2,3,4,4,6,6,5,3,2,0,3
Bhola,2000,0,1,1,2,4,6,6,6,6,5,1,1,3
Bhola,2001,1,3,3,3,5,6,6,6,5,4,1,0,4
Bhola,2002,0,2,2,3,4,6,6,5,4,4,3,1,3
Bhola,2003,2,0,2,4,5,6,7,6,5,3,3,1,4
Bhola,2004,1,1,2,3,4,6,5,5,5,4,0,2,3
Bhola,2005,2,1,2,4,3,5,6,5,5,3,1,0,3
Bhola,2006,2,1,3,3,4,5,6,6,5,4,1,2,4
Bhola,2007,1,1,2,3,4,6,6,6,5,4,3,0,3
Bhola,2008,1,2,1,3,4,6,6,6,6,3,2,1,3
Bhola,2009,2,1,3,2,4,6,6,6,5,3,1,2,3
Bhola,2010,1,1,3,2,4,4,6,6,5,3,2,1,3
Bhola,2011,1,2,3,4,5,6,6,6,5,3,1,2,4
Bhola,2012,1,1,3,3,4,6,5,6,5,2,0,1,3
Bhola,2013,2,1,2,3,3,6,6,6,5,3,2,1,3
Bhola,2014,1,2,2,3,6,5,6,6,5,4,1,1,4
Khepupara,1985,1,1,2,1,3,5,6,6,4,2,1,1,3
Khepupara,1986,2,1,3,4,5,6,6,6,6,3,2,1,4
Khepupara,1987,1,1,1,4,4,6,6,6,6,3,2,1,3
Khepupara,1988,1,1,2,4,3,6,7,6,5,2,3,1,3
Khepupara,1989,0,1,3,4,6,***,7,7,5,3,3,1,4
Khepupara,1990,0,1,2,4,5,6,6,6,6,5,1,1,4
Khepupara,1991,0,3,4,4,5,6,7,5,6,4,3,1,4
Khepupara,1992,1,1,2,3,6,7,6,7,6,4,2,1,4
Khepupara,1993,0,2,2,3,4,5,7,6,5,3,3,0,3
Khepupara,1994,1,1,2,3,5,6,6,6,6,4,1,1,4
Khepupara,1995,0,1,2,3,4,6,7,6,4,3,3,0,3
Khepupara,1996,2,2,1,2,5,6,6,6,5,3,3,0,3
Khepupara,1997,1,1,3,3,4,5,6,6,5,3,1,1,3
Khepupara,1998,1,1,3,4,4,5,6,6,6,2,2,2,4
Khepupara,1999,1,2,2,4,5,5,7,6,5,4,3,0,4
Khepupara,2000,0,1,1,3,5,6,6,7,6,5,1,1,4
Khepupara,2001,1,3,2,3,5,6,6,6,6,4,1,0,4
Khepupara,2002,0,1,1,3,5,7,7,6,5,4,3,1,4
Khepupara,2003,2,1,2,4,6,6,7,7,5,3,3,0,4
Khepupara,2004,0,1,2,4,5,7,6,6,5,4,0,2,4
Khepupara,2005,1,0,2,5,4,6,7,7,6,3,0,1,4
Khepupara,2006,1,1,2,2,4,6,6,7,6,4,1,1,3
Khepupara,2007,0,0,1,3,4,6,6,6,5,4,2,0,3
Khepupara,2008,0,1,1,3,4,6,7,6,6,3,2,1,3
Khepupara,2009,1,1,3,2,4,6,7,6,6,3,1,1,3
Khepupara,2010,0,0,2,3,4,5,7,6,5,3,2,0,3
Khepupara,2011,1,1,2,4,5,6,6,6,5,4,1,1,4
Khepupara,2012,0,1,2,3,5,6,6,7,6,3,0,1,3
Khepupara,2013,1,0,1,3,3,6,7,6,6,3,2,1,3
Khepupara,2014,0,1,1,***,7,5,6,6,5,5,1,1,3
Patuakhali,1985,1,1,1,1,4,5,6,6,5,3,1,1,3
Patuakhali,1986,1,1,3,4,4,6,7,6,5,3,2,1,4
Patuakhali,1987,1,2,1,4,4,5,6,6,6,3,2,1,3
Patuakhali,1988,1,1,2,4,3,5,7,6,5,2,3,2,3
Patuakhali,1989,1,2,3,3,5,6,7,7,6,3,3,1,4
Patuakhali,1990,0,1,2,3,4,5,6,5,5,5,1,1,3
Patuakhali,1991,0,2,3,4,5,6,6,6,6,4,3,1,4
Patuakhali,1992,1,1,2,4,5,6,6,6,5,4,2,1,4
Patuakhali,1993,1,2,2,2,4,5,6,6,5,3,3,0,3
Patuakhali,1994,1,1,2,4,5,6,6,6,6,4,1,1,4
Patuakhali,1995,1,1,3,3,4,6,7,7,5,3,3,1,4
Patuakhali,1996,2,2,1,3,5,6,7,6,6,4,3,0,4
Patuakhali,1997,1,1,2,3,4,3,6,6,5,3,2,1,3
Patuakhali,1998,1,2,3,4,4,6,7,6,6,2,2,2,4
Patuakhali,1999,2,2,3,4,5,6,7,6,5,4,2,0,4
Patuakhali,2000,0,1,2,3,5,6,7,7,6,5,1,1,4
Patuakhali,2001,1,3,3,4,5,6,6,6,6,4,1,0,4
Patuakhali,2002,0,1,2,4,5,7,7,6,5,4,3,1,4
Patuakhali,2003,2,1,2,4,5,6,7,6,5,3,3,1,4
Patuakhali,2004,1,1,2,4,5,7,6,5,5,4,0,2,4
Patuakhali,2005,2,1,3,5,4,6,6,6,6,3,0,1,4
Patuakhali,2006,2,1,3,3,4,6,6,7,6,5,2,2,4
Patuakhali,2007,1,1,2,4,4,6,6,6,6,4,3,0,4
Patuakhali,2008,1,2,1,4,4,6,7,6,6,3,2,1,4
Patuakhali,2009,1,1,3,3,4,6,7,6,5,3,1,1,3
Patuakhali,2010,1,1,2,3,4,5,7,6,5,3,2,1,3
Patuakhali,2011,1,2,3,4,5,6,6,6,5,4,2,2,4
Patuakhali,2012,1,1,2,3,5,6,6,6,5,3,1,2,3
Patuakhali,2013,2,0,2,3,3,6,6,7,6,3,3,1,4
Patuakhali,2014,1,1,2,3,7,5,6,6,6,5,1,1,4
Chandpur,1985,1,1,2,2,4,5,6,6,5,3,1,2,3
Chandpur,1986,1,1,2,2,3,5,5,5,5,1,1,0,3
Chandpur,1987,1,1,1,3,2,4,5,4,5,2,2,1,3
Chandpur,1988,1,1,2,3,2,4,6,5,5,1,2,1,3
Chandpur,1989,0,1,2,3,5,5,5,6,4,3,2,1,3
Chandpur,1990,0,1,1,2,3,5,5,5,5,4,1,1,3
Chandpur,1991,1,2,3,3,4,5,6,5,5,3,2,1,3
Chandpur,1992,2,1,1,3,5,6,5,5,5,4,2,1,3
Chandpur,1993,0,2,2,2,4,5,6,6,5,3,3,0,3
Chandpur,1994,1,1,2,3,5,6,6,6,5,3,1,1,3
Chandpur,1995,1,1,2,3,4,5,5,5,4,2,2,0,3
Chandpur,1996,1,2,1,3,4,5,6,6,5,3,3,0,3
Chandpur,1997,1,1,2,3,3,3,4,4,3,2,1,1,2
Chandpur,1998,1,1,2,3,4,6,6,6,6,2,2,2,3
Chandpur,1999,3,2,2,3,5,5,6,6,5,3,2,0,4
Chandpur,2000,0,1,1,2,5,6,6,6,5,4,1,0,3
Chandpur,2001,1,3,2,3,5,6,6,6,5,3,0,0,3
Chandpur,2002,0,1,1,2,4,6,6,6,4,4,2,1,3
Chandpur,2003,1,0,2,4,5,6,7,6,5,3,3,1,4
Chandpur,2004,0,1,2,3,4,6,6,5,5,4,0,2,3
Chandpur,2005,1,1,2,4,4,5,6,6,6,2,0,1,3
Chandpur,2006,2,1,3,3,4,5,6,7,6,5,1,1,4
Chandpur,2007,1,1,1,4,5,6,6,6,6,4,2,0,4
Chandpur,2008,0,2,1,4,4,7,7,6,7,4,2,1,4
Chandpur,2009,1,2,4,3,5,7,7,7,6,4,1,3,4
Chandpur,2010,1,1,3,4,5,5,6,7,6,3,3,2,4
Chandpur,2011,2,2,3,5,5,6,6,6,6,5,2,2,4
Chandpur,2012,1,1,3,5,6,7,6,6,6,3,1,2,4
Chandpur,2013,3,1,3,4,4,6,6,6,6,4,3,2,4
Chandpur,2014,1,1,2,4,6,5,6,6,6,5,1,2,4
Ambagan(Ctg),1999,2,1,2,2,5,6,6,7,6,3,2,2,4
Ambagan(Ctg),2000,1,1,2,3,5,7,7,7,6,5,1,1,4
Ambagan(Ctg),2001,1,2,3,3,6,6,6,7,6,5,1,0,4
Ambagan(Ctg),2002,0,1,1,3,5,7,7,7,6,5,3,1,4
Ambagan(Ctg),2003,2,0,1,3,6,6,7,7,6,4,4,1,4
Ambagan(Ctg),2004,1,1,2,3,5,7,6,6,5,4,0,2,4
Ambagan(Ctg),2005,2,1,3,5,5,6,7,6,6,4,0,0,4
Ambagan(Ctg),2006,1,1,4,3,4,6,6,7,6,4,1,2,4
Ambagan(Ctg),2007,0,1,2,3,5,6,6,6,6,4,2,0,3
Ambagan(Ctg),2008,1,2,1,4,5,6,7,6,7,4,3,1,4
Ambagan(Ctg),2009,1,1,3,3,5,7,7,7,6,4,2,1,4
Ambagan(Ctg),2010,0,1,2,3,4,6,6,6,6,3,2,1,3
Ambagan(Ctg),2011,1,2,3,4,5,6,6,6,6,4,1,1,4
Ambagan(Ctg),2012,1,1,2,3,5,6,6,7,6,3,1,2,4
Ambagan(Ctg),2013,2,1,2,4,4,6,7,6,6,3,3,1,4
Ambagan(Ctg),2014,0,1,1,3,6,6,6,7,6,5,2,1,4
Patanga(Ctg),1985,0,1,2,2,4,6,6,6,5,3,1,1,3
Patanga(Ctg),1986,1,1,3,4,4,6,6,6,5,3,2,1,4
Patanga(Ctg),1987,1,1,1,4,3,6,6,6,6,3,2,1,3
Patanga(Ctg),1988,1,1,3,4,2,5,7,6,6,2,3,2,4
Patanga(Ctg),1989,1,1,2,3,5,6,6,6,6,4,3,1,4
Patanga(Ctg),1990,0,1,2,4,4,6,6,5,6,6,1,1,4
Patanga(Ctg),1991,1,3,4,4,5,6,7,6,6,4,3,2,4
Patanga(Ctg),1992,1,1,2,***,5,7,7,7,6,4,2,2,4
Patanga(Ctg),1993,1,3,3,3,4,5,6,6,5,4,4,1,4
Patanga(Ctg),1994,1,2,2,3,5,6,6,6,6,4,2,2,4
Patanga(Ctg),1995,1,1,2,3,4,6,6,6,5,3,3,1,3
Patanga(Ctg),1996,2,2,1,3,4,6,6,6,6,4,4,0,4
Patanga(Ctg),1997,1,1,3,3,4,6,6,6,6,4,2,2,4
Patanga(Ctg),1998,1,1,3,4,4,6,7,7,6,3,3,3,4
Patanga(Ctg),1999,3,2,3,4,5,6,7,7,5,4,3,0,4
Patanga(Ctg),2000,1,1,1,3,5,6,7,7,6,5,1,1,4
Patanga(Ctg),2001,1,3,3,3,5,6,6,6,6,4,1,1,4
Patanga(Ctg),2002,0,1,1,3,5,7,7,7,6,6,4,2,4
Patanga(Ctg),2008,2,1,2,3,6,6,7,7,6,4,4,1,4
Patanga(Ctg),2009,2,1,3,3,4,6,6,6,5,3,2,1,4
Patanga(Ctg),2010,0,1,2,3,4,5,6,6,6,3,2,1,3
Patanga(Ctg),2011,1,2,2,4,5,6,6,6,5,5,2,1,4
Patanga(Ctg),2012,1,1,2,4,5,6,6,7,6,3,1,2,4
Patanga(Ctg),2013,2,1,2,4,4,6,7,6,6,3,3,1,4
Patanga(Ctg),2014,0,1,1,3,6,5,6,6,6,5,2,1,4
Comilla,1985,1,1,2,2,4,6,6,6,5,3,1,1,3
Comilla,1986,1,2,3,3,4,6,6,5,5,2,1,1,3
Comilla,1987,1,1,1,4,3,4,5,5,5,3,2,1,3
Comilla,1988,1,1,2,4,3,5,7,6,6,2,2,1,3
Comilla,1989,1,1,3,4,5,5,6,7,5,3,2,1,4
Comilla,1990,0,1,2,3,4,6,6,5,5,4,0,1,3
Comilla,1991,0,2,4,4,4,6,6,6,6,4,3,1,4
Comilla,1992,2,1,2,4,6,6,6,6,6,4,1,2,4
Comilla,1993,0,2,2,2,4,5,6,6,5,3,3,1,3
Comilla,1994,1,2,2,4,5,6,6,6,5,3,1,1,4
Comilla,1995,1,1,3,3,4,6,6,6,4,3,3,0,3
Comilla,1996,1,2,2,3,5,6,6,6,5,3,3,0,4
Comilla,1997,1,1,3,3,5,5,6,6,5,3,1,2,3
Comilla,1998,1,2,2,3,4,6,6,6,5,2,2,2,3
Comilla,1999,3,2,2,4,5,5,7,6,5,3,2,0,4
Comilla,2000,1,1,2,2,5,6,6,6,6,5,1,1,4
Comilla,2001,1,3,3,3,5,6,6,6,6,4,1,0,4
Comilla,2002,0,1,2,3,5,6,6,6,5,5,3,1,4
Comilla,2003,2,1,2,4,5,6,7,6,5,3,3,1,4
Comilla,2004,2,1,2,3,5,6,6,5,6,4,0,2,4
Comilla,2005,2,1,3,5,4,6,7,6,6,3,1,1,4
Comilla,2006,2,2,4,4,4,5,6,6,6,5,2,1,4
Comilla,2007,0,1,2,3,5,6,6,5,5,4,3,0,3
Comilla,2008,1,2,1,4,4,6,7,6,6,4,2,1,4
Comilla,2009,2,1,3,3,4,6,7,6,6,4,2,1,4
Comilla,2010,0,1,2,3,5,6,6,6,6,3,2,0,3
Comilla,2011,1,1,2,4,5,6,6,6,6,4,1,1,4
Comilla,2012,1,1,3,3,5,6,6,6,5,3,1,1,3
Comilla,2013,2,1,2,4,4,6,6,6,5,3,2,1,4
Comilla,2014,1,1,2,3,6,5,5,6,5,5,0,1,3
Cox`s Bazar,1985,0,1,2,2,4,6,6,6,5,3,1,1,3
Cox`s Bazar,1986,1,1,3,3,4,7,6,6,5,3,2,1,4
Cox`s Bazar,1987,1,1,1,3,3,6,6,6,6,3,2,1,3
Cox`s Bazar,1988,1,1,2,4,3,5,7,6,6,2,3,1,3
Cox`s Bazar,1989,0,1,2,3,4,6,7,6,6,4,3,1,4
Cox`s Bazar,1990,0,1,2,4,4,6,6,6,6,6,1,1,4
Cox`s Bazar,1991,1,3,4,4,5,7,7,6,6,4,3,2,4
Cox`s Bazar,1992,2,1,2,4,5,7,7,7,6,5,3,2,4
Cox`s Bazar,1993,1,3,2,4,5,6,7,7,6,5,4,1,4
Cox`s Bazar,1994,1,2,2,2,5,7,6,7,6,4,1,1,4
Cox`s Bazar,1995,1,1,2,3,4,7,7,7,5,3,2,1,4
Cox`s Bazar,1996,1,1,1,3,5,7,7,6,6,4,5,0,4
Cox`s Bazar,1997,0,1,4,3,5,6,7,7,6,5,2,1,4
Cox`s Bazar,1998,1,1,3,3,5,6,7,6,6,2,2,2,4
Cox`s Bazar,1999,1,1,2,2,4,6,7,7,5,3,2,0,3
Cox`s Bazar,2000,0,1,1,2,5,6,7,7,6,4,1,1,3
Cox`s Bazar,2001,1,2,2,3,5,7,6,6,6,4,1,0,4
Cox`s Bazar,2002,0,1,1,2,4,7,7,6,5,4,3,1,3
Cox`s Bazar,2003,1,0,1,2,5,6,7,6,5,3,3,1,3
Cox`s Bazar,2004,1,1,1,3,4,7,6,6,5,4,0,1,3
Cox`s Bazar,2005,1,1,2,4,4,6,7,6,5,3,0,0,3
Cox`s Bazar,2006,1,0,2,2,3,5,6,7,6,4,1,3,3
Cox`s Bazar,2007,1,1,1,2,5,6,7,6,6,4,2,0,3
Cox`s Bazar,2008,0,2,0,4,5,6,7,7,7,4,3,1,4
Cox`s Bazar,2009,1,1,2,2,5,6,7,7,6,3,1,1,4
Cox`s Bazar,2010,0,0,2,3,4,6,7,7,6,3,2,1,3
Cox`s Bazar,2011,1,1,2,3,4,6,6,6,6,4,1,1,3
Cox`s Bazar,2012,1,1,1,3,5,6,6,7,6,3,0,1,3
Cox`s Bazar,2013,1,0,2,3,4,6,7,6,6,3,3,1,4
Cox`s Bazar,2014,0,1,1,2,6,6,7,7,6,5,2,1,4
Feni,1985,0,1,2,2,4,6,6,7,5,3,1,1,3
Feni,1986,2,2,5,5,5,7,7,7,6,3,2,1,4
Feni,1987,2,2,1,5,4,6,6,6,6,4,3,1,4
Feni,1988,1,1,3,4,4,6,7,7,6,2,3,1,4
Feni,1989,1,2,3,3,6,6,7,7,6,3,3,1,4
Feni,1990,0,2,2,4,5,6,6,6,6,5,1,1,4
Feni,1991,1,3,4,5,5,6,7,6,6,4,3,1,4
Feni,1992,2,1,2,4,6,7,7,6,6,4,2,2,4
Feni,1993,0,2,3,4,4,5,7,6,6,4,3,1,4
Feni,1994,1,2,2,4,5,6,6,6,6,3,1,1,4
Feni,1995,1,1,3,3,4,6,6,6,4,3,3,1,3
Feni,1996,2,2,2,4,5,6,7,6,6,3,4,0,4
Feni,1997,1,1,3,3,5,6,6,7,5,3,2,2,4
Feni,1998,1,2,3,4,4,6,7,6,6,2,2,2,4
Feni,1999,3,2,3,5,5,6,7,7,5,4,2,0,4
Feni,2000,0,1,2,3,5,7,7,7,6,5,1,1,4
Feni,2001,1,3,3,4,6,6,7,6,6,4,1,0,4
Feni,2002,0,2,1,3,5,7,7,6,6,4,3,0,4
Feni,2003,2,1,2,4,6,6,7,7,5,3,3,1,4
Feni,2004,1,1,2,4,6,7,7,6,6,4,0,2,4
Feni,2005,1,0,3,5,4,6,7,6,6,3,0,1,4
Feni,2006,1,1,***,3,5,5,6,7,6,4,1,1,4
Feni,2007,0,1,1,4,5,7,7,6,5,4,2,0,4
Feni,2008,1,2,1,4,4,6,7,6,6,4,2,1,4
Feni,2009,2,1,3,3,5,7,7,7,6,4,1,2,4
Feni,2010,0,1,3,3,5,6,7,7,5,3,2,1,4
Feni,2011,1,2,3,5,6,7,7,6,6,4,1,1,4
Feni,2012,1,1,3,4,6,6,6,7,6,3,0,1,4
Feni,2013,2,0,3,4,5,7,7,6,6,3,2,1,4
Feni,2014,0,2,2,4,7,6,7,7,6,5,1,1,4
Hatia,1985,1,1,2,2,5,6,7,7,5,3,1,1,3
Hatia,1986,1,1,3,4,4,7,7,6,6,3,2,1,4
Hatia,1987,2,2,2,5,4,6,7,6,6,4,3,2,4
Hatia,1988,1,2,3,4,3,6,7,7,6,3,3,2,4
Hatia,1989,1,2,3,3,5,6,6,7,6,4,3,1,4
Hatia,1990,0,2,2,3,4,6,6,6,6,5,1,1,4
Hatia,1991,0,2,3,3,4,6,6,5,6,4,3,2,4
Hatia,1992,1,1,2,3,4,7,6,6,6,4,2,2,4
Hatia,1993,0,2,2,2,4,4,6,6,5,3,3,1,3
Hatia,1994,1,1,2,3,5,6,6,6,6,4,1,1,4
Hatia,1995,1,1,2,3,4,6,6,6,2,3,3,1,3
Hatia,1996,2,2,1,2,4,6,6,5,5,3,3,0,3
Hatia,1997,0,1,3,3,4,5,6,6,5,2,2,1,3
Hatia,1998,1,1,2,4,4,6,6,5,5,2,2,2,3
Hatia,1999,1,1,2,3,4,5,7,5,5,3,2,0,3
Hatia,2000,0,1,1,2,5,6,7,6,5,5,1,1,3
Hatia,2001,1,3,2,3,5,6,6,6,5,3,1,0,3
Hatia,2002,0,1,1,3,4,7,6,5,5,4,3,1,3
Hatia,2003,2,0,2,3,5,6,7,6,5,2,2,1,3
Hatia,2004,1,1,2,3,4,7,6,6,5,4,0,1,3
Hatia,2005,1,1,3,5,4,6,6,6,5,3,0,0,3
Hatia,2006,1,1,3,2,3,6,6,6,5,4,1,2,3
Hatia,2007,1,1,2,3,4,5,6,6,5,3,2,0,3
Hatia,2008,1,2,1,3,4,5,7,6,6,4,2,1,4
Hatia,2009,1,1,3,3,5,6,7,6,6,3,2,1,4
Hatia,2010,0,1,4,4,5,6,7,6,5,3,3,2,4
Hatia,2011,1,3,4,6,6,7,7,6,6,5,2,3,5
Hatia,2012,1,1,2,4,5,6,6,7,6,3,1,2,4
Hatia,2013,2,1,2,4,4,6,7,6,6,3,3,1,4
Hatia,2014,0,2,2,3,6,6,6,6,6,5,2,1,4
Kutubdia,1985,0,1,2,2,4,6,6,7,5,3,1,1,3
Kutubdia,1986,2,1,3,4,4,7,7,6,6,4,3,1,4
Kutubdia,1987,2,3,1,4,4,6,6,7,6,3,3,2,4
Kutubdia,1988,1,1,3,5,3,6,7,6,6,3,3,2,4
Kutubdia,1989,1,1,2,3,5,6,6,6,5,4,3,1,4
Kutubdia,1990,0,1,2,4,4,6,6,5,6,6,1,1,4
Kutubdia,1991,1,3,4,3,4,6,7,6,5,3,3,1,4
Kutubdia,1992,1,0,1,3,6,7,7,7,6,4,2,1,4
Kutubdia,1993,0,2,1,2,3,5,7,5,4,3,3,1,3
Kutubdia,1994,0,1,2,1,4,6,5,6,6,3,1,1,3
Kutubdia,1995,1,1,2,3,3,6,6,6,3,2,1,0,3
Kutubdia,1996,1,1,1,2,4,6,7,6,6,3,4,0,3
Kutubdia,1997,0,1,2,2,4,5,5,6,4,3,2,1,3
Kutubdia,1998,1,1,2,3,4,6,6,6,5,2,2,2,3
Kutubdia,1999,1,2,2,3,4,5,6,7,5,3,3,0,3
Kutubdia,2000,0,1,1,2,5,6,6,7,5,4,1,1,3
Kutubdia,2001,1,2,2,2,5,6,6,6,5,4,1,0,3
Kutubdia,2002,0,1,1,2,4,6,6,5,5,4,3,1,3
Kutubdia,2003,2,1,1,2,5,5,7,6,5,3,0,1,3
Kutubdia,2004,1,1,2,2,4,7,5,5,5,4,0,1,3
Kutubdia,2005,2,0,2,4,4,6,7,6,6,4,1,1,4
Kutubdia,2007,2,1,3,2,3,5,7,7,6,4,2,3,4
Kutubdia,2008,1,2,1,3,5,6,7,6,6,4,3,2,4
Kutubdia,2009,2,1,3,2,5,6,7,6,6,3,2,1,4
Kutubdia,2010,0,1,3,3,4,6,7,7,6,3,2,0,4
Kutubdia,2011,1,2,2,4,5,6,6,7,6,5,1,1,4
Kutubdia,2012,1,0,1,3,5,6,6,7,6,4,0,1,3
Kutubdia,2013,1,1,2,3,4,6,7,6,6,3,3,0,4
Kutubdia,2014,0,1,1,2,6,6,6,6,6,5,1,0,3
Maijdi Court,1985,0,1,2,3,4,6,6,6,5,4,2,1,3
Maijdi Court,1986,1,1,3,3,4,6,6,6,5,2,2,1,3
Maijdi Court,1987,2,1,1,4,3,5,6,6,6,3,2,1,3
Maijdi Court,1988,1,1,3,4,3,5,7,6,6,2,3,1,4
Maijdi Court,1989,1,1,2,3,5,6,6,7,5,3,2,1,4
Maijdi Court,1990,0,1,2,3,4,5,6,6,6,5,1,1,3
Maijdi Court,1991,1,3,4,4,4,6,6,5,5,4,2,1,4
Maijdi Court,1992,2,1,1,3,5,6,6,6,5,4,2,1,4
Maijdi Court,1993,0,2,2,2,3,4,6,5,5,3,3,1,3
Maijdi Court,1994,1,2,2,3,5,6,6,6,6,3,1,1,4
Maijdi Court,1995,1,1,3,3,4,6,6,6,4,3,3,0,3
Maijdi Court,1996,***,3,1,3,4,6,7,6,6,3,3,0,4
Maijdi Court,1997,1,1,3,3,4,5,6,6,5,3,1,1,3
Maijdi Court,1998,1,2,2,3,4,6,7,6,6,2,1,2,4
Maijdi Court,1999,2,2,2,3,5,5,7,7,5,3,2,0,4
Maijdi Court,2000,0,1,1,2,5,6,7,7,6,5,1,1,4
Maijdi Court,2001,1,3,3,3,5,6,6,6,6,3,1,0,4
Maijdi Court,2002,0,1,1,3,4,7,6,6,5,4,3,0,3
Maijdi Court,2003,2,1,2,3,5,6,7,6,5,3,3,0,4
Maijdi Court,2006,1,1,2,3,4,6,5,5,5,4,0,2,3
Maijdi Court,2007,0,1,1,3,4,6,6,6,5,3,2,0,3
Maijdi Court,2008,0,2,1,3,4,6,7,5,6,4,2,1,3
Maijdi Court,2009,2,1,3,2,4,6,7,6,5,3,1,1,3
Maijdi Court,2010,0,1,3,3,4,5,7,6,5,3,2,0,3
Maijdi Court,2011,1,1,3,5,5,7,7,7,6,4,1,1,4
Maijdi Court,2012,1,1,3,3,5,7,6,7,6,3,0,2,4
Maijdi Court,2013,2,1,2,4,3,6,7,6,6,3,3,0,4
Maijdi Court,2014,0,2,2,3,7,6,7,7,6,5,1,1,4
Rangamati,1985,0,1,2,2,5,6,7,7,6,4,1,1,4
Rangamati,1986,2,1,2,4,4,6,6,6,6,3,3,2,4
Rangamati,1987,2,1,1,4,3,6,6,6,5,3,3,2,4
Rangamati,1988,1,1,2,4,2,5,7,6,5,2,3,2,3
Rangamati,1989,1,1,2,3,4,5,6,6,5,4,3,2,4
Rangamati,1990,0,1,2,3,4,5,6,5,5,5,1,1,3
Rangamati,1991,0,2,3,3,4,6,6,5,5,4,3,2,4
Rangamati,1992,2,1,1,3,5,6,6,6,5,4,3,2,4
Rangamati,1993,1,2,2,2,4,5,6,6,5,4,3,1,3
Rangamati,1994,1,2,2,3,5,6,6,6,6,4,2,2,4
Rangamati,1995,1,1,3,3,4,6,6,6,5,4,3,1,4
Rangamati,1996,2,2,2,3,5,6,6,6,6,4,4,1,4
Rangamati,1997,1,1,3,3,5,6,6,7,6,4,3,2,4
Rangamati,1998,1,2,3,3,4,6,7,6,6,3,3,3,4
Rangamati,1999,3,2,3,3,5,6,7,7,6,4,3,1,4
Rangamati,2000,1,1,2,3,6,7,7,7,6,5,2,2,4
Rangamati,2001,1,3,3,3,6,6,6,6,5,4,2,1,4
Rangamati,2002,0,1,1,3,4,6,6,5,4,4,3,1,3
Rangamati,2003,2,0,1,3,5,5,6,6,4,3,3,1,3
Rangamati,2004,1,1,2,2,4,6,5,5,5,4,0,2,3
Rangamati,2005,2,0,2,4,4,6,6,5,5,4,1,1,3
Rangamati,2006,1,1,3,3,3,5,5,7,6,5,2,3,4
Rangamati,2007,1,0,2,2,5,6,6,5,5,4,3,1,3
Rangamati,2008,1,2,1,3,5,6,7,6,7,5,3,2,4
Rangamati,2009,2,1,3,2,4,6,6,6,5,4,2,2,4
Rangamati,2010,0,1,2,2,4,5,6,6,5,3,3,1,3
Rangamati,2011,0,1,2,3,5,6,5,6,5,4,2,1,3
Rangamati,2012,1,1,2,3,5,6,6,6,5,3,0,2,3
Rangamati,2013,2,0,2,3,4,6,6,6,5,4,3,1,4
Rangamati,2014,0,1,2,2,6,5,5,6,5,5,2,1,3
Sandwip,1985,0,1,2,1,4,5,5,6,5,3,1,1,3
Sandwip,1986,1,1,3,4,4,6,6,6,5,2,2,1,3
Sandwip,1987,2,1,1,4,3,5,6,6,6,3,2,1,3
Sandwip,1988,1,1,2,4,2,5,7,6,6,2,3,1,3
Sandwip,1989,0,1,2,3,5,6,6,6,5,3,3,0,3
Sandwip,1990,0,1,2,4,4,6,6,5,5,5,1,1,3
Sandwip,1991,0,3,4,4,5,6,7,5,5,3,3,1,4
Sandwip,1992,1,1,2,***,5,6,6,6,5,3,2,1,3
Sandwip,1993,0,2,2,3,3,4,6,5,5,3,3,1,3
Sandwip,1994,1,1,2,2,4,6,6,6,5,3,1,1,3
Sandwip,1995,1,1,3,3,4,6,6,6,4,3,3,1,3
Sandwip,1996,2,2,1,2,4,6,6,5,5,3,3,0,3
Sandwip,1997,0,1,2,2,2,3,3,3,3,1,1,1,2
Sandwip,1998,1,2,3,3,4,6,7,6,6,2,2,1,4
Sandwip,1999,2,2,3,4,5,6,7,7,5,3,2,0,4
Sandwip,2000,1,1,2,2,5,7,7,7,6,5,1,1,4
Sandwip,2001,1,3,3,3,6,6,7,6,6,4,1,0,4
Sandwip,2004,0,1,1,3,5,7,6,7,6,6,3,1,4
Sandwip,2005,2,1,2,3,6,7,7,***,***,***,***,0,4
Sandwip,2006,***,0,1,1,3,4,5,6,6,2,0,1,3
Sandwip,2007,1,1,4,3,5,6,6,7,6,4,2,2,4
Sandwip,2008,2,2,2,4,5,6,6,6,6,4,3,0,4
Sandwip,2009,0,2,1,4,4,6,7,6,6,4,2,1,4
Sandwip,2010,1,1,3,2,4,6,7,6,6,3,2,1,4
Sandwip,2011,0,1,3,3,4,6,7,6,5,3,3,1,4
Sandwip,2012,1,2,3,4,5,6,6,6,6,4,1,1,4
Sandwip,2013,1,1,2,3,5,6,6,6,5,3,1,1,3
Sandwip,2014,2,1,2,3,4,6,6,6,5,3,3,***,4
Sitakunda,1985,1,1,1,3,6,5,6,6,5,5,1,1,3
Sitakunda,1986,0,1,2,2,4,6,6,7,5,3,1,1,3
Sitakunda,1987,2,2,4,4,5,7,6,6,5,3,3,2,4
Sitakunda,1988,2,2,1,4,4,6,6,6,6,3,3,1,4
Sitakunda,1989,1,2,3,4,3,6,7,7,5,3,3,2,4
Sitakunda,1990,1,1,2,3,5,6,6,6,5,3,3,1,4
Sitakunda,1991,0,1,2,4,4,6,7,6,6,5,1,1,4
Sitakunda,1992,0,3,4,4,5,6,7,6,6,3,3,2,4
Sitakunda,1993,2,1,2,4,6,6,6,6,6,4,2,2,4
Sitakunda,1994,1,2,3,3,4,5,6,5,6,4,3,1,4
Sitakunda,1995,1,2,2,3,5,6,6,6,6,4,1,1,4
Sitakunda,1996,1,1,3,2,4,6,6,6,4,3,3,1,3
Sitakunda,1997,2,2,2,3,4,6,6,6,6,4,3,0,4
Sitakunda,1998,1,1,3,3,4,5,6,6,5,3,2,2,3
Sitakunda,1999,1,2,3,4,4,6,7,6,6,2,3,3,4
Sitakunda,2000,2,2,3,4,5,6,7,7,5,3,2,0,4
Sitakunda,2001,1,1,2,2,5,6,6,7,6,4,1,1,4
Sitakunda,2002,1,3,3,3,5,6,6,6,5,3,1,0,4
Sitakunda,2003,0,1,1,3,4,6,6,6,4,4,3,1,3
Sitakunda,2004,2,0,2,3,4,5,7,6,5,3,4,1,4
Sitakunda,2005,1,1,2,3,4,6,5,5,5,3,0,2,3
Sitakunda,2006,1,1,3,4,4,6,6,6,6,3,0,1,3
Sitakunda,2007,1,1,4,3,4,5,5,7,5,4,1,2,4
Sitakunda,2008,1,2,2,3,5,6,6,5,5,4,2,0,3
Sitakunda,2009,0,2,1,3,4,6,6,6,6,4,2,1,3
Sitakunda,2010,1,1,2,2,4,6,6,6,5,3,1,1,3
Sitakunda,2011,0,1,2,3,3,4,5,6,5,3,1,0,3
Sitakunda,2012,1,1,2,3,4,6,5,6,5,4,1,1,3
Sitakunda,2013,1,1,2,3,4,6,5,6,5,2,0,1,3
Sitakunda,2014,1,1,2,3,3,5,6,5,5,3,2,1,3
Teknaf,1985,0,1,1,2,5,5,5,6,5,5,1,1,3
Teknaf,1986,0,1,2,2,4,5,6,6,5,3,1,1,3
Teknaf,1987,2,1,3,4,5,7,7,7,6,4,3,1,4
Teknaf,1988,1,2,1,3,4,7,7,6,6,4,3,1,4
Teknaf,1989,1,1,2,3,2,6,7,7,6,3,3,2,4
Teknaf,1990,0,1,2,3,5,7,7,7,6,4,4,2,4
Teknaf,1991,0,1,2,4,4,7,6,6,6,5,1,1,4
Teknaf,1992,0,1,2,3,3,6,7,6,6,4,3,1,4
Teknaf,1993,0,0,1,3,5,7,7,7,7,5,2,1,4
Teknaf,1994,0,2,1,3,4,6,7,7,6,3,4,1,4
Teknaf,1995,0,1,2,1,4,6,6,7,5,3,1,1,3
Teknaf,1996,0,1,2,2,3,7,7,6,5,3,2,1,3
Teknaf,1997,1,1,1,2,4,6,7,6,5,3,4,0,3
Teknaf,1998,0,1,2,2,4,5,6,6,5,3,2,1,3
Teknaf,1999,1,1,2,2,3,6,7,6,5,2,2,2,3
Teknaf,2000,1,1,2,2,4,5,6,7,4,3,2,0,3
Teknaf,2001,0,1,1,2,5,6,6,7,5,4,1,1,3
Teknaf,2002,0,1,2,2,5,6,6,6,5,4,1,0,3
Teknaf,2003,0,1,1,2,4,7,7,7,5,4,2,2,4
Teknaf,2004,1,0,1,2,5,6,7,6,5,3,3,1,3
Teknaf,2005,1,1,1,2,4,7,6,6,5,4,0,1,3
Teknaf,2007,1,1,2,3,4,6,6,6,5,3,0,0,3
Teknaf,2008,1,1,2,2,3,6,7,7,6,4,2,3,4
Teknaf,2009,0,1,1,3,5,6,7,7,6,4,3,2,4
Teknaf,2010,1,1,1,2,5,7,7,7,6,2,1,1,3
Teknaf,2011,0,0,1,3,4,6,7,7,6,3,1,1,3
Teknaf,2012,0,1,2,3,4,6,6,6,6,5,1,1,3
Teknaf,2013,1,0,2,3,5,7,6,7,7,4,0,1,4
Teknaf,2014,0,0,1,3,4,6,7,6,6,3,3,0,3
